timestamp,task,status,execution_time
2026-03-13 10:49:32.855429,Extract,Failed,0.0
2026-03-13 10:53:55.054921,Extract,Success,9.91317653656006
2026-03-13 10:53:55.054921,Extract,Success,9.91317653656006
2026-03-13 11:08:56.114003,Extract,Success,0.8669509887695312
2026-03-16 15:04:51.093503,Extract,Failed,0.0
2026-03-13 11:09:26.630887,Load,Success,18.9841902256012
2026-03-16 15:04:51.093503,Extract,Failed,0.0
2026-03-13 11:09:26.630887,Load,Success,18.9841902256012
2026-03-16 15:39:11.869576,Extract,Success,13.224058389663696
2026-03-16 15:39:28.946608,Load,Success,10.65879201889038
2026-03-16 15:40:45.080667,Transform,Failed,0.0
2026-03-16 17:46:26.325200,Extract,Success,24.996025562286377
2026-03-16 17:46:50.244824,Load,Success,11.572338581085203
2026-03-16 17:55:08.166083,Extract,Success,0.5378592014312744
2026-03-16 17:55:20.120968,Transform,Success,509.83334708213806
2026-03-16 17:55:25.137081,Extract,Success,0.7615044116973877
2026-03-16 17:55:23.860277,Load,Success,8.467045783996582
2026-03-16 18:00:08.230804,Extract,Success,0.6055722236633301
2026-03-16 18:00:15.094252,Load,Success,3.832038640975952
2026-03-16 18:10:07.625355,Extract,Success,0.6927695274353027
2026-03-16 18:10:14.514902,Load,Success,3.783209562301636
2026-03-16 18:14:46.206700,Transform,Success,271.66739559173584
2026-03-16 18:15:06.363588,Extract,Success,0.5318233966827393
2026-03-16 18:15:11.453704,Load,Success,2.225820779800415
2026-03-16 18:19:38.074790,Transform,Success,266.58175897598267
2026-03-16 18:20:06.643932,Extract,Success,0.4689893722534179
2026-03-16 18:20:11.461091,Load,Success,1.862239122390747
2026-03-16 18:24:40.812917,Transform,Success,269.3318028450012
2026-03-16 18:25:05.936009,Extract,Success,0.5265607833862305
2026-03-16 18:25:11.448963,Load,Success,3.174861192703247
2026-03-16 18:29:38.032544,Transform,Success,266.5389771461487
2026-03-16 18:30:06.719007,Extract,Success,0.3887910842895508
2026-03-16 18:30:06.719007,Extract,Success,0.3887910842895508
2026-03-16 18:45:31.258639,Transform,Success,920.2068333625792
03-16 18:45:31.258639,Transform,Success,920.2068333625792
2026-03-16 18:50:05.479206,Extract,Success,0.641618013381958
2026-03-16 18:50:11.057087,Load,Success,3.027704954147339
2026-03-16 18:54:36.843476,Transform,Success,265.76429438591003
2026-03-16 18:55:04.843906,Extract,Success,0.4299092292785644
2026-03-16 18:55:09.572800,Load,Success,2.2645580768585205
2026-03-16 18:59:32.333809,Transform,Success,262.72349548339844
2026-03-16 19:00:05.228334,Extract,Success,0.4346818923950195
2026-03-16 19:00:10.071613,Load,Success,2.357388496398926
2026-03-16 19:05:10.597683,Transform,Success,300.48564410209656
2026-03-16 19:08:10.784896,Extract,Success,0.4644637107849121
2026-03-16 19:08:15.544560,Load,Success,2.179983377456665
2026-03-16 19:13:39.999477,Transform,Success,324.4110214710236
2026-03-16 22:22:29.256859,Extract,Failed,0.0
2026-03-16 22:25:42.594183,Extract,Success,6.324013710021973
2026-03-16 22:26:01.450124,Load,Success,5.349198341369629
2026-03-16 22:32:11.098138,Transform,Success,369.6042914390564
2026-03-17 13:02:15.769666,Extract,Success,44.39467716217041
2026-03-17 13:02:43.448463,Extract,Success,0.6126351356506348
2026-03-17 13:02:42.709098,Load,Success,5.697678327560425
2026-03-17 13:04:47.543347,Extract,Success,1.7632477283477783
2026-03-17 13:05:02.562204,Load,Success,7.467266321182251
2026-03-17 13:10:07.228351,Extract,Success,0.8985044956207275
2026-03-17 13:10:16.152118,Load,Success,4.204637050628662
2026-03-17 13:10:44.484019,Transform,Failed,0.0
2026-03-17 13:15:08.040392,Extract,Success,0.9418654441833496
2026-03-17 13:15:14.466295,Load,Success,2.314838171005249
2026-03-17 13:15:48.229616,Transform,Failed,0.0
2026-03-17 13:20:04.968109,Extract,Success,0.9010543823242188
2026-03-17 13:20:10.990131,Load,Success,2.980030059814453
2026-03-17 13:20:36.382155,Transform,Failed,0.0
2026-03-17 13:25:06.275263,Extract,Success,0.8538286685943604
2026-03-17 13:25:11.814210,Load,Success,2.357230424880981
2026-03-17 13:25:36.949955,Transform,Failed,0.0
2026-03-17 13:30:04.935958,Extract,Success,0.9092769622802734
2026-03-17 13:30:10.116980,Load,Success,2.4031431674957275
2026-03-17 13:30:40.128626,Transform,Failed,0.0
2026-03-17 13:35:05.253927,Extract,Success,0.4844098091125488
2026-03-17 13:35:10.940561,Load,Success,2.6100282669067383
2026-03-17 13:35:27.988129,Transform,Failed,0.0
2026-03-17 13:40:04.324832,Extract,Success,0.4829604625701904
2026-03-17 13:40:09.207283,Load,Success,2.24368667602539
2026-03-17 13:40:29.657407,Transform,Failed,0.0
2026-03-17 15:01:04.357284,Extract,Success,1.4090962409973145
2026-03-17 15:01:02.847190,Load,Success,4.601417303085327
2026-03-17 15:03:55.132030,Extract,Failed,0.0
2026-03-17 15:04:48.296931,Extract,Success,1.6225700378417969
2026-03-17 15:05:00.760965,Load,Failed,0.0
2026-03-17 15:05:37.749844,Extract,Success,0.940648317337036
2026-03-17 15:05:46.027567,Load,Success,4.591036796569824
2026-03-17 15:06:07.699295,Transform,Failed,0.0
2026-03-17 15:10:12.354289,Extract,Success,2.5817837715148926
2026-03-17 15:10:24.812092,Load,Success,5.750773191452026
2026-03-17 15:10:44.118009,Transform,Failed,0.0
2026-03-17 15:15:04.444277,Extract,Success,1.2528014183044434
2026-03-17 15:15:11.492306,Load,Success,3.9241068363189697
2026-03-17 15:15:41.633003,Transform,Failed,0.0
2026-03-17 15:20:05.611573,Extract,Success,0.6260344982147217
2026-03-17 15:20:12.493399,Load,Success,4.027104616165161
2026-03-17 15:20:25.464461,Transform,Failed,0.0
2026-03-17 15:25:05.778641,Extract,Success,0.4308042526245117
2026-03-17 15:25:11.708922,Load,Success,4.044583320617676
2026-03-17 15:25:23.623726,Transform,Failed,0.0
2026-03-17 15:30:05.360187,Extract,Success,0.4703731536865234
2026-03-17 15:30:10.492272,Load,Success,2.313765287399292
2026-03-17 15:30:20.975225,Transform,Failed,0.0
2026-03-17 15:35:06.490755,Extract,Success,0.5409731864929199
2026-03-17 15:35:13.319044,Load,Success,3.336214303970337
2026-03-17 15:35:29.492133,Transform,Failed,0.0
2026-03-17 15:40:07.119050,Extract,Success,0.7298221588134766
2026-03-17 15:40:12.200081,Load,Success,4.202598571777344
2026-03-17 15:40:33.622424,Transform,Failed,0.0
2026-03-17 15:45:06.400660,Extract,Success,0.5881505012512207
2026-03-17 15:45:17.594654,Load,Success,4.392976760864258
2026-03-17 15:45:31.731822,Transform,Failed,0.0
2026-03-17 15:50:04.674899,Extract,Success,0.4504323005676269
2026-03-17 15:50:10.563438,Load,Success,2.6448512077331543
2026-03-17 15:50:21.542796,Transform,Failed,0.0
2026-03-17 15:55:05.890691,Extract,Success,0.5404806137084961
2026-03-17 15:55:10.317075,Load,Success,1.0218629837036133
2026-03-17 15:55:23.993835,Transform,Failed,0.0
2026-03-17 16:00:05.686818,Extract,Success,0.6466488838195801
2026-03-17 16:00:11.914540,Load,Success,3.0813028812408447
2026-03-17 16:00:23.928594,Transform,Failed,0.0
2026-03-17 16:05:05.072778,Extract,Success,1.09612774848938
2026-03-17 16:05:11.507153,Load,Success,3.3657302856445312
2026-03-17 16:05:27.126740,Transform,Failed,0.0
2026-03-17 16:10:05.603402,Extract,Success,0.4802718162536621
2026-03-17 16:10:10.563489,Load,Success,2.055307626724243
2026-03-17 16:10:26.907322,Transform,Failed,0.0
2026-03-17 16:15:06.136032,Extract,Success,0.4611670970916748
2026-03-17 16:15:12.463409,Load,Success,3.196465015411377
2026-03-17 16:15:22.029940,Transform,Failed,0.0
2026-03-17 16:20:04.420904,Extract,Success,0.6519179344177246
2026-03-17 16:20:08.961998,Load,Success,1.928051471710205
2026-03-17 16:20:22.153010,Transform,Failed,0.0
2026-03-17 16:25:08.105078,Extract,Success,0.6250917911529541
2026-03-17 16:25:13.666134,Load,Success,2.49415135383606
2026-03-17 16:25:37.458527,Transform,Failed,0.0
2026-03-17 16:30:06.640370,Extract,Success,1.14220929145813
2026-03-17 16:30:12.836361,Load,Success,2.7800817489624023
2026-03-17 16:40:14.633861,Extract,Success,0.6333255767822266
2026-03-17 16:40:20.671736,Load,Success,3.335059404373169
2026-03-17 16:39:11.578523,Transform,Success,538.7158572673798
2026-03-17 16:50:07.636188,Extract,Success,0.5706989765167236
2026-03-17 16:50:16.299141,Load,Success,3.840481758117676
2026-03-17 16:47:27.637986,Transform,Success,426.9416882991791
2026-03-17 17:00:09.647624,Extract,Success,1.4307806491851809
2026-03-17 17:00:19.051213,Load,Success,4.890809059143066
2026-03-17 17:00:32.031310,Transform,Success,615.6729142665863
2026-03-17 17:05:07.967096,Extract,Success,1.0332086086273191
2026-03-17 17:05:13.623425,Load,Success,3.3359358310699463
2026-03-17 17:15:05.174711,Extract,Success,0.5246498584747314
2026-03-17 17:15:09.864145,Load,Success,2.02555251121521
2026-03-17 17:19:57.554717,Transform,Success,287.64758110046387
2026-03-17 17:20:05.329065,Extract,Success,0.6897952556610107
2026-03-17 17:20:09.791714,Load,Success,1.819206476211548
2026-03-17 17:34:45.313929,Extract,Failed,0.0
2026-03-17 17:35:06.555668,Extract,Failed,0.0
2026-03-17 17:36:18.901377,Extract,Failed,0.0
2026-03-17 17:38:02.042275,Extract,Success,2.0417888164520264
2026-03-17 17:38:36.093210,Extract,Success,0.4869062900543213
2026-03-17 17:38:42.890273,Load,Success,3.2904293537139893
2026-03-17 17:45:06.444106,Extract,Success,0.7567052841186523
2026-03-17 17:45:12.270008,Load,Success,3.237390756607056
2026-03-17 17:44:46.807754,Transform,Success,363.8903992176056
2026-03-17 17:55:07.543021,Extract,Success,1.0791265964508057
2026-03-17 17:55:13.237742,Load,Success,2.6620681285858154
2026-03-17 17:51:26.830382,Transform,Failed,0.0
2026-03-17 18:05:06.744187,Extract,Success,0.7778644561767578
2026-03-17 18:05:11.500851,Load,Success,2.055253505706787
2026-03-17 18:00:11.257004,Transform,Failed,0.0
2026-03-17 18:15:05.917703,Extract,Success,0.4919116497039795
2026-03-17 18:15:09.882649,Load,Success,0.911733627319336
2026-03-17 18:19:52.559015,Transform,Success,282.5199110507965
2026-03-17 18:20:05.965407,Extract,Success,0.5897805690765381
2026-03-17 18:20:10.830696,Load,Success,2.282151699066162
2026-03-17 18:24:46.062601,Transform,Success,275.2081024646759
2026-03-17 18:25:05.777844,Extract,Success,0.4822733402252197
2026-03-17 18:25:09.695715,Load,Success,2.255882978439331
2026-03-17 18:29:48.571574,Transform,Success,278.8528039455414
2026-03-17 18:30:05.761963,Extract,Success,0.5386214256286621
2026-03-17 18:30:10.965580,Load,Success,2.253574848175049
2026-03-17 19:05:04.699518,Extract,Success,0.7857553958892822
2026-03-17 19:05:10.903668,Load,Success,2.297234058380127
2026-03-17 19:03:39.974675,Transform,Success,2008.9538502693176
2026-03-17 19:15:06.615548,Extract,Success,0.5831005573272705
2026-03-17 19:15:12.034616,Load,Success,2.646610736846924
2026-03-17 19:11:07.286417,Transform,Success,356.3338851928711
2026-03-17 19:25:06.222062,Extract,Success,0.5723216533660889
2026-03-17 19:25:11.534746,Load,Success,2.7018797397613525
2026-03-17 19:20:30.822184,Transform,Success,318.762943983078
2026-03-17 19:35:06.844309,Extract,Success,0.6258723735809326
2026-03-17 19:35:25.458806,Load,Success,10.035911798477173
2026-03-17 19:31:00.181892,Transform,Success,348.6044030189514
2026-03-17 21:40:07.773210,Extract,Success,0.6782939434051514
2026-03-17 21:40:29.516285,Load,Success,3.4781765937805176
2026-03-17 21:39:54.589766,Transform,Success,7469.0502326488495
2026-03-17 21:50:04.474417,Extract,Success,0.6672039031982422
2026-03-17 21:50:11.158321,Load,Success,2.5733397006988525
2026-03-17 21:46:36.247908,Transform,Success,366.7075562477112
2026-03-17 22:00:06.257700,Extract,Success,0.978569746017456
2026-03-17 22:00:13.364795,Load,Success,3.595656633377075
2026-03-17 21:56:14.971481,Transform,Success,363.7778964042664
2026-03-17 22:10:06.301208,Extract,Success,0.99334979057312
2026-03-17 22:10:15.026110,Load,Success,3.4122865200042725
2026-03-17 22:06:36.821856,Transform,Success,383.42168045043945
2026-03-17 22:20:06.856795,Extract,Success,0.7240660190582275
2026-03-17 22:20:13.225662,Load,Success,3.203469038009644
2026-03-17 22:16:16.351262,Transform,Success,361.2760968208313
2026-03-17 22:30:05.883776,Extract,Success,0.9605419635772704
2026-03-17 22:30:11.396641,Load,Success,2.6225855350494385
2026-03-17 22:26:17.848826,Transform,Failed,0.0
