customer_id,customer_first_name,customer_family_name,customer_gender,customer_birth_date,customer_country,customer_phone_number
7529424,Tatiana,REZE,F,1976-12-19,Nigeria,2348118052430
5688420,Soizic,FOUILLET,F,1976-09-22,Tunisia,21636540047
7549035,Maude,SUPIOT,F,1980-09-01,Italy,395040038978
4119351,Gilles,GENDRY,F,1989-06-07,Turkey,908616296054
1297594,Gwenaelle,POMMIER,F,1983-11-19,Austria,439333168480
9265259,Jean-Patrice,CAILLET,M,1990-01-17,Argentina,544242909748
2531752,Christel,GOULET,M,1981-08-04,Morocco,212822671423
3185905,Marie-Annick,DIARD,F,1989-11-17,Morocco,212621463806
2445019,Annaïck,FRESNAIS,F,1975-09-14,Netherlands,31179894436
6719254,Pierre-Edouard,LEAU,M,1986-05-03,Colombia,5704043651
5862299,Magdeleine,BEUGNIER,F,1980-08-09,Chile,56567066904
8432369,Huguette,LE BRETON,F,1990-09-14,Nigeria,2345149801021
9147185,Emilie,PASQUIET,F,1970-05-16,Russia,76701046972
4751486,Jean-Félix,BARTHELEMY,M,1986-05-14,Mexico,523068769308
2774932,Céline,RABAULT,M,1975-09-03,Morocco,212485686019
5289818,Joachim,VERNEAU,M,1976-01-28,India,912466774547
8128034,Margaret,MARCHAIS,F,1980-08-14,Japan,810590923117
9923572,Jean-Loup,ROULLEAU,M,1988-03-10,France,33802809645
2134022,Eliane,HIRON,M,1978-10-04,Austria,439083548353
8432986,Jeanne,CHARON,F,1975-07-25,Japan,810326132902
1096030,Malik,BEAUCHENE,M,1984-06-22,Australia,617127102995
949994,Any,MAUSSION,F,1973-06-06,Netherlands,31864005318
5417436,Valerie,FERTRE,F,1973-05-28,Canada,10135677157
8907057,Joanna,CARRE,F,1975-06-28,Norway,4732815018
8521618,Ursula,LENOIR,F,1979-06-29,Netherlands,31639601902
3668107,Ghislain,ROMPILLON,M,1985-04-13,Canada,15481071488
9817263,Christèle,LATOUR,F,1974-06-20,Norway,4791443118
9243690,Robert,ALBERT,M,1972-10-02,Germany,495637539928
8938185,Yolène,FOURRIER,F,1973-02-02,Tunisia,21621524324
3478960,Herbert,GAGNEUX,M,1970-06-10,Switzerland,412290796886
7618975,Andre,GAULT,M,1989-07-24,Russia,75126722776
3633946,Geoffroy,GOGUET,M,1989-10-29,Russia,73848690959
5285926,Wilfrid,LEMASSON,M,1976-02-16,Argentina,542950492543
482158,Aristide,OLIVE,M,1988-10-31,Tunisia,21682347776
1361018,Habib,ROCHAIS,M,1975-09-03,Germany,498235928381
929206,Bachir,CHAUVREAU,M,1973-10-13,Germany,498089828240
6094686,Armelle,ALUSSE,F,1970-04-09,Morocco,212146722251
8605103,Marylin,LANDREAU,F,1986-08-14,Spain,34837612213
8437949,Hermine,AYRAULT,F,1974-07-30,United States of America,18321884265
9755913,Gwénaëlle,PAQUEREAU,F,1981-02-02,Nigeria,2347938195222
7650360,Nelly,COEFFARD,M,1984-09-16,Morocco,212100498406
7013174,Pierre-Eric,BRICARD,M,1971-07-04,Iran,984376560855
9799148,Nadine,BRARD,F,1985-07-07,India,917336885295
8195023,Lucas,MENANT,M,1985-05-02,Japan,811355264316
1910557,Marie Paule,RIVIERE,F,1975-06-22,Nigeria,2340087378298
642178,Raphaële,RAUTURIER,F,1971-04-29,Netherlands,31668354704
3309772,Cyrielle,CHEVAL,F,1978-02-06,Austria,436006832310
3448554,Marie-Ange,VINCELOT,M,1984-11-16,Chile,56915180416
9071178,Louisette,BLET,F,1977-10-01,Morocco,212911827828
1522651,Gwenaëlle,HOUET,F,1988-03-25,Iran,981241036297
6149906,Blandine,BOUVET,F,1979-10-04,Norway,4766670564
1553603,Nelson,CADIOU,M,1984-05-07,Finland,3586696807293
4156182,Soizic,BOYEAU,F,1970-01-26,Brazil,554387621231
7098389,Karim,VIAUX,M,1971-09-03,Belgium,32937095461
7839957,Lamine,GERNIGON,M,1976-08-08,Iran,983139910726
7342932,Saïda,RICHOU,F,1978-03-22,Russia,71557618616
9429551,Jean-Mary,PERON,M,1971-06-23,China,862104442742
8988846,Colette,RAUTUREAU,M,1978-01-16,Canada,15068400116
4322680,Any,CHEVRE,F,1981-09-13,France,33660622528
2344694,Claudy,TERRIEN,M,1989-12-16,Finland,3583637237421
2220971,Anne,LAPORTE,F,1982-07-05,Colombia,5758195601
5714451,Marie-Henriette,RAUTUREAU,F,1984-09-23,Germany,495655577828
4604252,Daisy,OGER,F,1985-10-21,Turkey,908883563249
9118141,Joceline,JOSEPH,F,1988-10-08,Mexico,528860269453
1878921,Marie-Gabrielle,JUVIN,F,1978-07-21,Morocco,212748018147
5187737,Maryse,SCHMITT,F,1971-02-19,Colombia,5781400750
155550,Deborah,REVEILLARD,F,1980-10-22,Finland,3587885962768
9294377,Audrey,LACOSTE,F,1983-11-24,Tunisia,21649795714
4690442,Jean-Joseph,PICHONNEAU,M,1984-11-22,Australia,614951022869
2966445,Morgane,AUDEBERT,F,1980-09-07,Morocco,212773442632
8962290,Hamed,BODUSSEAU,M,1980-01-01,Norway,4722524073
7935458,Cyrille,BIZON,F,1978-02-28,Turkey,903138804086
6504675,Kathleen,FRUCHET,F,1984-01-02,Argentina,542211283994
3881672,Philippe,LEMAIRE,F,1981-10-30,Switzerland,415936205005
7075007,Alice,LE GUEN,F,1976-08-18,Finland,3580579127189
8148313,Gratien,HERY,M,1971-11-29,Japan,811336504931
6426083,Thérèse,GUESDON,F,1980-01-16,Nigeria,2348475458498
4950109,Arsène,GIRARD,M,1981-05-02,Turkey,901738461008
9548729,Josselin,GASCHET,M,1989-02-06,Brazil,559969154714
3303823,Janny,TULASNE,F,1990-03-13,Nigeria,2348606836960
8788081,Eddy,RAPIN,M,1971-07-06,Mexico,520699889684
9593798,Yvonne,GAZON,F,1983-04-05,United Kingdom,447895875653
2293909,Léonce,BOISTAULT,M,1975-04-02,Morocco,212529907263
9670418,Marie-Aude,BODIN,F,1987-02-28,United States of America,12935156925
5406831,Mounir,DAVY,M,1990-09-18,Russia,72933799688
7538021,Jean-Marie,MILLET,F,1975-07-16,Brazil,558646609526
2606497,Mehdi,LATTE,M,1988-12-13,Morocco,212202944977
731428,Vincenza,TISSEAU,F,1985-12-02,China,860076325616
9689926,Isabel,HARDOUIN,F,1972-04-27,France,33664305613
4492832,Agnès,BOUCHEREAU,F,1983-01-20,Netherlands,31647654291
2695531,Leïla,LAURENDEAU,F,1983-01-12,Japan,816394571025
4708785,Gratien,PIRARD,M,1978-11-17,Finland,3589144264771
8944017,Marie Jose,ROBIN,F,1980-06-12,China,867312699699
5840963,Jean-Laurent,ROUSSIASSE,M,1974-10-16,Netherlands,31446139221
5914827,Gaël,DELAUNE,M,1986-05-25,Brazil,559938750953
8668182,Souad,SOULARD,F,1975-05-08,United States of America,19789816947
1083546,Catherine,GOURAUD,F,1972-03-29,Mexico,520893890545
901974,Marie-Joseph,LAILLER,F,1971-08-23,Lebanon,96109979021
6974895,Ismaël,LAINE,M,1990-02-06,Spain,34039152343
1088766,Gisèle,VILAIN,M,1980-02-12,Austria,434968966897
9231578,Louise,BRILLANT,F,1989-06-30,Morocco,212471036837
4337686,Jean-Yvon,BOUCHARD,M,1981-04-27,Norway,4707887888
7037669,Charlotte,BOURON,F,1975-07-17,Greece,302963602465
7496173,Claudy,GATINEAU,M,1970-10-06,Italy,392761192572
1590556,Régine,BEZIE,F,1983-03-20,India,919008272284
6102515,Yannick,BOUHIER,M,1972-11-20,Italy,393257990251
4276622,Jean-Mathieu,VAIDIE,M,1976-02-25,Russia,71005705922
1200796,Jean Louis,GUINEHUT,M,1981-06-21,Turkey,900088685551
2472149,Fredy,CAILLET,M,1988-11-07,Finland,3588872823760
6781183,Rachel,LEFEBVRE,F,1985-04-17,Russia,74656875345
8528953,Michel,CHARBONNEL,F,1974-10-31,Sweden,464000933335
1702828,Maggy,MANDIN,F,1972-01-23,Lebanon,96126380899
6014751,Marie-Alice,BELANGER,F,1987-05-14,Netherlands,31077291382
5438035,Lilian,MASSON,M,1982-01-31,Lebanon,96128256412
8274614,Gilles,BELLARD,F,1980-11-28,Germany,492715665980
5179120,Léon,BENETEAU,M,1973-08-14,Argentina,543321439205
9585485,Malika,JOLLIVET,F,1979-07-13,Austria,433328222738
7391329,Alexia,JOSEPH,F,1990-06-05,Italy,397385812485
6620914,Lydie,COQUERIE,M,1971-06-01,France,33438703415
9337777,Marie-Madeleine,BOTTEREAU,F,1985-02-12,India,911679027641
9663538,Aurore,LESPAGNOL,F,1986-07-09,Lebanon,96126140837
7596323,Celine,BEAUPERIN,F,1990-09-05,France,33946357411
3362548,Jany,HEMERY,M,1973-04-28,Sweden,460636539964
8642626,Pierre Yves,LE BRAS,M,1983-08-04,Greece,302996599860
1161824,Quentin,PROUTIERE,M,1972-09-02,Australia,613322952949
2744701,Pierre-Paul,BOURGERIE,M,1983-06-17,Tunisia,21664912304
1455981,Helmut,ORAIN,M,1984-01-02,Morocco,212945375439
1215663,Vianney,CHAUVIGNE,M,1975-03-07,Germany,493887947949
3721194,Justine,FROUIN,F,1986-02-23,Finland,3587672347952
2500529,Naïma,CHARBONNEL,F,1976-06-20,Turkey,902156267529
708214,Viviane,BURET,M,1985-11-26,Finland,3583937289703
9950399,Marie-Christiane,CIRET,F,1977-12-05,Chile,56760770431
6701698,Cathérine,RENOUX,F,1980-09-23,Turkey,905358506514
4057431,Frédérik,JAUD,M,1976-10-02,Austria,437246317648
4989599,Marie-Elisabeth,DEVAUD,F,1972-04-12,Greece,302257638384
1001057,Boris,REDUREAU,M,1977-02-15,India,916337314827
1207685,Bernardette,DESMATS,F,1988-06-10,Brazil,551424600882
2946774,Manuella,BLANCHET,F,1981-05-01,Nigeria,2348459849612
3145601,Astrid,GODIVEAU,F,1975-03-03,Finland,3585345617298
5606675,Claudine,OSSANT,F,1985-01-30,Nigeria,2343318923506
8953943,Juliana,ALUSSE,F,1980-05-16,Germany,499498835923
7650163,Paquita,LORIEUX,F,1974-05-23,Mexico,524297604800
8326216,Éric,GEINDREAU,M,1975-01-23,Netherlands,31552007998
4750773,Quentin,CHAMAILLE,M,1989-02-17,Japan,812354141220
9046712,Georgette,BOUE,F,1983-12-04,Tunisia,21686545293
524366,Maryline,CHEVET,F,1972-12-29,Netherlands,31071449982
8835291,Nathalie,DECRON,F,1985-04-25,Austria,433855792315
5880573,Mickael,JUBIN,M,1979-08-18,Argentina,540958593646
9146242,Laurence,BUSSON,F,1984-02-01,Chile,56914789655
4022843,Marie Paule,BIGNON,F,1988-06-25,Norway,4740618218
4679069,Grégoire,VEGER,M,1987-11-21,India,912233324691
6657801,Amaury,ROULEAU,M,1977-12-27,India,918105127088
7451821,Aimé,ROLAND,M,1985-03-18,Finland,3583980435140
3842210,Marie Hélène,VENDE,F,1982-10-01,Finland,3587377372063
2641096,Martina,BAUDRY,F,1970-05-29,Greece,308717986538
9344298,Patric,DENECHEAU,M,1973-08-02,Brazil,555727889703
9889315,Murièle,FORGET,F,1985-11-04,Spain,34992106079
3192720,Jean Marcel,DOHIN,M,1971-04-20,Spain,34206393648
2347668,Chantal,VINCONNEAU,F,1985-10-02,Japan,815033249528
6387920,Ghislaine,JOUET,F,1985-03-01,France,33032133894
3792822,Karine,CHARPENTIER,M,1980-10-19,Russia,78201799382
3394378,Franz,BUREAU,M,1970-12-16,Italy,396614106458
7049370,Lila,BARON,F,1984-06-05,Morocco,212663021731
3355297,Samia,BRIN,F,1974-12-23,India,910416479838
8348202,Catherine,LHERBETTE,M,1989-08-22,Australia,615012734733
9018107,Jeannick,HAMON,M,1988-02-21,Russia,72778873951
5978168,Chrystèle,PICHEREAU,F,1976-11-25,Morocco,212546590316
481746,Valérie,LANDEAU,M,1975-06-28,China,861075795294
9533780,Lionel,BLIN,M,1975-01-24,Spain,34713077404
338146,Joan,BOUVET,F,1990-01-12,Tunisia,21675810311
4198600,Elena,RABINEAU,F,1973-01-02,Argentina,548050096665
5908251,Hafida,FLEURY,F,1990-04-22,Italy,392197901275
9333018,Christina,LE BRAS,F,1987-03-27,Argentina,546285303760
5505353,Marie France,TOUCHAIS,F,1979-01-20,Nigeria,2349741189003
8905054,Janick,BODY,M,1982-01-06,Finland,3585384024746
5111883,Morgan,DENIAU,M,1976-05-07,France,33954365107
4558034,Jean-Michel,VERDON,M,1978-12-28,Austria,434696750127
2143378,Renée,HOGNON,M,1983-02-01,United States of America,18868489094
4523342,Hélène,GUEMAS,F,1975-03-30,United States of America,16732171691
1618501,Sylvio,PICHOT,M,1983-11-26,Germany,491822675670
9020712,Bérénice,DOIZY,F,1971-12-10,Greece,301564530407
6177214,Jean-Patrice,BOCHE,M,1972-12-23,Netherlands,31857886834
9094600,Marielle,BACHELOT,F,1985-09-07,Finland,3584454267525
5875922,Pierre-Luc,FISSON,M,1989-10-02,Austria,436856858738
3731884,Siméon,BEAUSSIER,M,1977-01-13,Canada,15802612618
9740521,Monique,FROGER,M,1982-06-21,Australia,613788073254
3632153,Pol,LERIDON,M,1988-06-09,United States of America,13460566819
2307480,Marilys,NOEL,F,1970-11-14,Japan,818663198779
7905113,Rosemarie,NOURRY,F,1980-06-15,Russia,71890323794
6382445,Marie Andrée,PILET,F,1980-08-17,Finland,3585210873883
1216712,Emilie,QUARTIER,F,1982-01-15,Spain,34421230426
278276,Lorraine,MINIER,F,1980-05-04,Italy,394692860626
1381445,Jerôme,VANNIER,M,1985-02-10,Finland,3580466070783
1544555,Cristina,LESAGE,F,1981-06-01,France,33380239777
6300522,Yan,PELTIER,M,1979-03-25,Japan,811259136046
630750,Thibaud,OUVRARD,M,1976-12-15,France,33132436771
7401450,Mélanie,JOSEPH,F,1984-04-07,Brazil,550428225601
2325023,Marie José,BITEAU,F,1984-03-29,Italy,396407189951
1313569,Mariama,BAUMIER,F,1971-01-01,Netherlands,31972498792
6620079,Angeline,QUEMARD,F,1976-01-14,Nigeria,2349537373292
5391860,Deborah,MENOU,F,1976-05-31,Japan,813943487538
5942783,Jean-Pierre,LEMER,M,1985-10-28,Finland,3588643699396
9146521,Valerie,DROUIN,F,1973-09-12,Argentina,548095410596
4034681,Julie,GUILLEUX,F,1975-07-03,Austria,438794527012
9998233,Pascale,GUICHETEAU,M,1977-10-23,Italy,391921695802
5747976,Pierre Louis,FRESNAIS,M,1982-11-09,Finland,3588974561419
786195,Séverine,GUYADER,M,1980-10-24,Greece,307248392867
9027037,Corrine,PERRAY,F,1980-12-02,Germany,495324651901
8937933,Gontran,LOISON,M,1977-11-08,Belgium,32895408443
5302193,Abdelkader,PARE,M,1978-09-12,Turkey,901883881394
5286223,Jany,GRANDIN,F,1989-10-15,Colombia,5717403847
727719,Didier,BASLE,F,1976-11-14,Norway,4709085929
1712332,Arsène,COUVREUX,M,1987-08-08,Netherlands,31635875736
8657049,Susan,THIBERGE,F,1983-01-28,China,865861040389
148285,Frédérique,SOURDEAU,F,1984-11-26,Japan,818659018732
8082907,Guilhem,BOUJU,M,1978-06-07,Tunisia,21607454615
4439376,Aurélien,RAUTURIER,M,1972-11-20,Austria,431141718160
9994948,Marie Antoinette,CARRE,F,1974-05-13,Japan,818756691797
2472115,Jean-Benoit,BOUFFANDEAU,M,1973-02-21,Russia,73973113477
6929017,Anne,BABONNEAU,M,1974-02-25,Netherlands,31072330707
4303099,Charlène,VERDIER,F,1982-04-04,Canada,18810473580
567335,Grégory,LETOURNEAU,M,1987-04-04,Greece,302989522215
695408,Claudy,TOURET,F,1974-06-21,Lebanon,96130347201
9674453,Jean-Simon,JOUSSET,M,1990-06-06,Iran,983913885811
2016379,Helga,CHAILLOUX,F,1982-12-06,Russia,78168571640
7765191,Yohann,HUBERT,M,1989-01-08,France,33953983904
4794863,Fabien,POUPLIN,M,1983-04-29,China,864114046703
3369980,Matthias,LOPEZ,M,1987-12-10,United Kingdom,448007346214
9128306,Manfred,OLLIVIER,M,1990-07-02,Spain,34400318007
2665700,Luis,BEAUFRETON,M,1990-05-27,Morocco,212792337587
6213202,Nabil,LEMOINE,M,1974-07-20,Italy,398982430159
8274776,Marie-Elise,BOUCARD,F,1971-07-30,Sweden,467149217651
1693095,Jean-Christian,GALICHET,M,1987-01-03,Chile,56539037486
6280554,Amaury,ALBERT,M,1986-08-21,United States of America,10306525957
1004767,Olivier,MORISSET,M,1987-06-22,United States of America,14033102300
5562168,Cynthia,ESSEUL,F,1989-08-12,Italy,390157692563
9592270,Margareth,BUSSON,F,1972-08-14,Russia,79830523920
415011,Ketty,BOUCHET,F,1977-11-10,France,33117733924
4685975,Marie-Catherine,ROYER,F,1981-10-29,Russia,76283937917
6445353,Florence,TAVEAU,F,1972-06-28,Tunisia,21693546398
5298905,Pierre-Michel,PAVION,M,1982-01-15,Nigeria,2347639262227
8265633,Rodolphe,BILLOT,M,1970-11-14,Australia,617360464925
5412292,Alex,SORIN,M,1975-05-24,Spain,34435018950
6173709,Pierre-Etienne,GRELET,M,1986-12-06,Turkey,906410722757
8960252,Janick,COSTE,F,1990-08-14,Austria,436519685146
9777132,Jany,GRIFFON,F,1979-03-29,Mexico,520791813858
16419,Christiane,BELLARD,M,1979-05-17,Austria,437393149798
8020133,Jean Pierre,SIONNEAU,M,1990-08-07,Nigeria,2345411070348
6972893,Sylvère,GAULT,M,1982-10-19,India,914604656315
5223445,Nathalie,PROD'HOMME,F,1990-08-17,Italy,395937919554
4588876,Jeanne,GOHARD,F,1981-08-28,Sweden,467055008200
6938514,Gyslaine,GUERY,F,1981-08-10,Greece,302221019266
5782451,Zoubida,ABLINE,F,1979-10-28,Greece,300488796390
7611886,Yan,VERRON,M,1986-06-17,Norway,4740108300
9287700,Agathe,BOURGEAU,F,1990-04-21,Norway,4728955696
59700,Léon,PITHON,M,1988-01-17,Iran,980377976117
2666516,Sylvia,BRESSON,F,1981-09-10,Lebanon,96175170458
5772905,Germinal,AUDOIN,M,1990-07-09,Nigeria,2342901260339
1912329,Maurice,LABBE,M,1984-06-10,Nigeria,2346051211152
3669060,Monette,GUERET,F,1972-05-31,Greece,303640838819
8262592,Marie Line,PREZELIN,F,1981-08-09,Argentina,542400992949
9334224,Marie-Thérèse,LE CORRE,M,1986-12-18,Norway,4725877877
2193881,Joel,COUSIN,M,1983-12-22,Mexico,524923574357
6395863,Elian,BAUDOIN,M,1974-10-04,Australia,615623088225
3260916,Stanislas,VIEAU,M,1976-11-13,Austria,436968623209
8581257,Yves-Marie,FRONTEAU,M,1985-06-29,Tunisia,21643594351
9408691,Marie-Lyne,RENAUD,F,1970-12-16,Morocco,212286957092
7282871,Ericka,DOUILLARD,F,1975-10-04,Morocco,212529153954
5972535,Evelyne,CLAVREUIL,F,1986-06-12,Morocco,212743889516
9581261,Jérôme,ORHON,M,1976-07-29,Germany,496646791266
3456882,Candice,COURAULT,F,1990-04-02,Chile,56201420617
3931130,Hilda,MAUPOINT,F,1981-09-25,Sweden,467699836963
8910434,Emilie,LEROYER,M,1984-10-29,France,33437492632
3316970,Hildegarde,RUELLE,F,1989-11-17,United States of America,18677667537
7520304,Luce,ALLAUME,F,1988-04-11,Brazil,559127712268
2013309,Yvelise,BOURREAU,F,1980-04-19,Chile,56046299846
5313678,Yolène,SIGOGNE,F,1982-08-07,Colombia,5793437101
4083216,Marie-Brigitte,DUBOIS,F,1989-08-25,Brazil,554460334378
9040884,Francisca,CLAVREUIL,F,1990-03-09,Russia,72882205288
3350945,Zineb,SOURISSE,F,1985-11-17,Austria,439751891965
5280201,Sylvère,BERTHONNEAU,M,1990-09-07,Morocco,212414577531
8691703,Raphaelle,PAYE,F,1986-01-12,Sweden,469735381793
2585329,Félicia,NAUD,F,1977-08-19,United States of America,15164671727
5235503,Johann,CHARLOT,M,1977-06-25,Turkey,908935830420
1242468,Murielle,NEVEU,F,1985-08-28,Italy,399691088306
7414340,Louis-Pierre,BITEAU,M,1973-06-12,Sweden,469991695235
4971759,Pierre-Marc,EVAIN,M,1980-02-20,Colombia,5766442919
2847022,Moise,BOURGEAU,M,1981-04-29,Brazil,552221492921
1225692,Mustafa,MAUXION,M,1990-01-18,France,33603798615
1721116,Marie,BRIAND,F,1973-09-27,Switzerland,411234970814
9876536,Nicole,TROUVE,F,1984-02-19,Finland,3583528613716
6938361,Claudy,FRADIN,M,1983-02-05,Tunisia,21665076629
7712201,Salim,BRANGER,M,1975-10-05,Iran,986315495196
6601705,Régine,JARRY,F,1978-08-26,Nigeria,2349763171923
7148491,Nina,BAHUAUD,F,1983-05-13,Austria,436623925413
7901367,Samia,BOISNAULT,F,1976-02-05,Brazil,553258874821
259043,Marie-Aude,CHALOPIN,F,1985-09-28,Netherlands,31807917008
9976690,Gilberte,MARET,F,1982-10-17,Colombia,5716773698
7679438,Philppe,PROVOST,M,1979-06-05,United Kingdom,449019847724
7834552,Angéline,DELAUNE,F,1980-08-05,Germany,493995475387
9266529,Huguette,BRILLANT,F,1988-11-11,India,918638821268
4260774,Léonce,TUFFREAU,M,1983-06-19,China,865050004983
2548788,Silvia,BARDIN,F,1981-07-07,Lebanon,96107372923
7272360,Angelina,DEMION,F,1970-08-25,Argentina,546206896689
3252823,Marylène,VIGAN,F,1987-11-30,Colombia,5705341276
548409,Nora,SOUCHET,F,1984-12-07,United Kingdom,443936643020
580968,Flavien,GRASSET,M,1989-09-06,Turkey,903604736763
2361080,Djamel,BOLTEAU,M,1985-09-16,Australia,619454462633
2277602,Amel,GAREAU,F,1971-03-22,Colombia,5787405305
973860,Renate,COCHET,F,1987-11-14,Italy,393448515277
231588,Cecile,PERDREAU,F,1974-11-15,Norway,4798292050
8898325,Joachim,JANNIN,M,1987-07-29,China,864454103199
159524,Hervé,LEMERCIER,M,1982-01-02,France,33665116761
7601124,Joëlle,LEVEQUE,M,1990-01-26,Greece,306949415464
5430664,Lino,HURTAUD,M,1986-08-16,Tunisia,21654686593
7331630,Anaïs,LORENDEAU,F,1976-08-02,Morocco,212932828908
5064870,Raymond,PRIOU,M,1974-05-02,Tunisia,21662064390
764400,Marie Anne,HOUDAYER,F,1980-01-24,Lebanon,96108982765
5680640,Flavie,LEBLOIS,F,1977-09-18,Italy,390773283526
6746554,Chris,BOUDEAU,M,1973-12-08,Russia,78768409017
9530369,Corrine,MARQUIS,F,1972-02-09,Russia,75649487953
6953997,Isaac,CHOTARD,M,1970-08-31,United Kingdom,442593473390
786819,Dolorès,GAUFRETEAU,F,1971-07-27,Finland,3580382272859
12801,Marie Annick,VIEMONT,F,1989-07-15,Germany,492041525792
8777414,Dorothee,DURAND,F,1974-08-03,Russia,75634815239
9601723,Marie-Paule,SOUCHET,M,1990-06-06,India,916227428654
302151,Jean-Mary,ROUGER,M,1976-10-31,Netherlands,31405667807
1545314,Hélèna,ROUSSEL,F,1974-03-20,Australia,616161860083
4018394,Daniel,HUBAULT,M,1975-12-18,Norway,4782185844
8039185,Herve,CHOTARD,M,1980-08-12,India,914513789072
8780073,Farida,MAHOT,F,1986-08-19,Russia,78340831041
4582635,Marie-Aude,COUET,F,1981-11-27,Japan,813447035168
6088495,Ali,CHARBONNEAU,M,1975-01-02,Switzerland,417575990046
8116467,Maryse,ALLARD,M,1972-11-13,Canada,17843288763
939141,Eléonore,RABAULT,F,1984-03-06,Spain,34852292529
5002937,Evelyne,MATHIEU,M,1971-05-02,Greece,301260199053
8121560,Solange,MAROT,F,1985-03-25,Sweden,462242914046
2118467,Marie-Louise,ARNAUD,F,1970-11-26,Austria,433206911170
8326176,Murièle,BELNOU,F,1976-07-15,Spain,34806165497
9202813,Charlotte,JOUY,F,1979-10-24,France,33267872025
5427523,Mickaëlle,BEAUFILS,F,1980-11-13,Norway,4718328174
2155240,Sofiane,DAUDIN,M,1988-05-22,Netherlands,31079995630
7625464,Marie Laurence,CHOLEAU,F,1973-10-20,Iran,982312203306
6389317,Denis,GRELIER,F,1972-04-18,Switzerland,419063376925
6512709,Horace,SOURICE,M,1984-07-23,Greece,301302066814
1971247,Siméon,CHOTARD,M,1980-06-14,Austria,430390139859
9405648,Jean-François,LECHAT,M,1979-05-24,Belgium,32454469709
501972,Roberto,BAHUAUD,M,1973-12-27,United Kingdom,448226419524
1217523,Ludwig,PHILIPPE,M,1984-08-07,Tunisia,21633583453
2289119,Marie-Christiane,JOUIN,F,1980-01-06,Tunisia,21625015375
2955810,Jeannine,LELAURE,F,1984-06-28,Greece,308012046960
1295322,Marie-Jose,USUREAU,F,1986-03-16,Greece,302933061630
6862285,Hans,SAMSON,M,1989-08-31,Greece,309171122646
9807307,Nadége,LEGRAS,F,1984-11-18,China,864856727417
8181787,Jean-David,ROUET,M,1990-10-12,Argentina,541748610096
1897567,Magali,VENDE,F,1977-07-09,United States of America,11427347734
8625949,Jean-Denis,PINARD,M,1988-06-03,France,33905414751
3974775,Jérome,GOBIN,M,1976-07-31,Canada,15458770696
8641284,John,LIVACHE,M,1987-01-04,France,33270531035
2192933,Mariame,JARDIN,F,1981-07-28,Colombia,5793749451
1175412,Thérèse-Marie,DEZE,F,1974-09-23,Lebanon,96112427068
8923549,Any,COSSARD,F,1971-09-28,Belgium,32957728659
9878095,Marie-Pascale,POIROUX,F,1976-04-05,United States of America,14162474917
4134406,Sheila,MICHENEAU,F,1974-10-14,Nigeria,2344383524048
3457680,Silvia,DELACROIX,F,1987-11-27,Mexico,522458004652
546971,Pierre-Yves,MARCEAU,M,1981-04-26,Belgium,32387195392
8893318,Honoré,NAIL,M,1985-02-28,Turkey,904095079974
2745249,Jerôme,LETORT,M,1977-07-03,Finland,3589123791112
8096547,Humbert,HOBE,M,1972-08-18,Turkey,904133112866
3447674,Myriam,RENAULT,F,1974-12-31,Norway,4766902901
2801662,Jean-Hubert,GUITTON,M,1972-09-07,Brazil,559496271525
8759916,Conchita,HOUDU,F,1990-07-01,Turkey,902744671850
9142909,Claude,BRIERE,M,1988-08-04,Canada,17514810770
8054873,Daniela,CORBET,F,1974-04-25,Colombia,5709245158
1667122,Marie Thérèse,UZUREAU,F,1976-09-27,Italy,393030032696
4727669,Jacky,DUBAS,M,1986-11-06,Austria,436971029199
9095238,Marie-Eve,MENET,F,1974-03-01,United Kingdom,449256989315
3785200,Aldo,HOREAU,M,1988-09-05,Netherlands,31716753940
8767465,Jean Charles,COLLIN,M,1987-05-10,Mexico,521113050175
7204999,Syndie,ROBICHON,F,1971-02-15,Argentina,546124605377
5624336,Christiane,JOUIS,F,1970-01-14,China,868956014950
7695771,Tatiana,BERTHAUD,F,1985-12-19,Norway,4734320951
44330,Marie Hélène,RIPOCHE,F,1988-10-13,United States of America,18280926116
8569057,Achille,COUDRIN,M,1982-06-15,Belgium,32311475056
1389416,Pierrick,CHASSERIAU,M,1989-02-06,Colombia,5768927870
5504241,Jean-Max,JEANNETEAU,M,1977-08-24,Colombia,5734193600
2210907,Josse,MENANTEAU,M,1974-12-16,China,866213752509
9751105,Aïssa,CHARBONNEAU,M,1986-11-23,Brazil,552955286389
8901403,Allain,LEDROIT,M,1990-09-06,United States of America,10959647718
1469098,Luis,COCHET,M,1979-02-10,Germany,490572198612
2617518,Adélaïde,PHILIPPEAU,F,1975-02-04,Tunisia,21683810067
9733904,Nordine,BAHUAUD,M,1987-11-27,Lebanon,96198986400
1813890,Jean-Joël,RONDEAU,M,1981-10-05,Australia,610141225538
5233401,Pierrot,HUBERT,M,1978-10-09,Colombia,5759765332
7433186,Lyliane,GOISNARD,F,1971-05-06,Turkey,905334298577
9336028,Souad,BERITAULT,F,1980-05-06,United Kingdom,449974606331
4906105,Marie-Pascale,GOUBAUD,F,1981-05-11,Morocco,212735767718
9031933,Maïté,MAROT,F,1983-09-30,Nigeria,2348709534593
6746183,Abdel,PLISSON,M,1975-04-15,Germany,498259297335
1013129,Pierre-François,GARCIA,M,1982-11-14,Germany,492257905183
2218570,Jeannick,COUBARD,F,1978-07-30,Sweden,461540697534
5369013,Olivier,DABIN,M,1985-02-03,Japan,814030502263
9435457,Albane,TROUILLEAU,F,1986-04-06,Nigeria,2340699913089
2636028,Didier,BEAUMONT,M,1988-06-27,Iran,989249340219
6677700,Salvatore,BINEAU,M,1971-03-12,Finland,3588320210856
8395309,Camille,LEAU,F,1974-11-11,Iran,986779978915
8013807,Sandra,DESHAIES,M,1988-07-22,Germany,498448295970
4342268,Nathalie,MORILLON,F,1970-03-26,China,866966459243
7248576,Pierre François,DUBOIS,M,1988-04-24,Canada,14672191584
2185725,Ignace,SUBILEAU,M,1979-03-13,France,33932579483
7012844,Humbert,LARDEUX,M,1972-10-05,Sweden,469244005423
4470463,Wilfrid,DOUBLET,M,1980-06-22,Lebanon,96104073733
7730253,Martha,SORIN,F,1980-05-27,United Kingdom,441961959290
3642017,Marie-Bernadette,BRECHETEAU,F,1985-06-11,Germany,492014030716
7575381,César,BAHUAUD,M,1982-03-30,Iran,980158058601
9615352,Lino,BODIER,M,1990-04-12,France,33932973210
6910558,Rosiane,ROTUREAU,F,1987-05-18,Brazil,559049932018
1897140,Anna,BOIGNE,F,1976-06-25,Lebanon,96181104162
4066894,Christophe,HAVARD,M,1987-09-09,Brazil,551767365336
1597315,Ludovic,CHALLET,M,1985-05-03,Iran,989655324630
9114223,Peio,BOURGEOIS,M,1980-05-31,Canada,15200524502
7504094,Emeric,CHAPEAU,M,1984-08-20,Chile,56084413919
5761896,Adeline,BRANGEON,F,1972-02-15,Russia,78401690973
4930736,Géry,BEAUJEON,M,1984-12-28,United States of America,15306087297
4437741,Jeremie,DENEUX,M,1973-11-08,Argentina,541453103308
4634970,Marie-Laurence,DUFRESNE,F,1985-06-22,Tunisia,21691337204
2287491,Maurice,LELIEVRE,M,1988-10-22,Canada,19235451496
1287949,Emilia,PERROT,F,1978-06-12,United Kingdom,447287385001
6656079,Suzel,DIDIER,F,1986-03-13,Nigeria,2345889551762
8887462,Jacqueline,CORBET,F,1977-08-26,Finland,3586410113043
4116025,Claire,HUMEAU,M,1976-02-23,Russia,77934147470
1377767,Gloria,COTTEREAU,F,1975-02-16,Belgium,32952176195
7501830,Marie-Jose,DUBUISSON,F,1983-11-08,United States of America,12805781059
5899512,Lynda,TOUCHARD,F,1977-06-01,Iran,987562401572
5861494,Enzo,MORISSEAU,M,1971-09-12,France,33137293489
8256160,Jacki,BESNARD,M,1974-05-06,Lebanon,96161025049
3303254,Herve,GRUAU,M,1982-06-02,Sweden,465939963466
2362597,Jean,ROHARD,M,1990-01-29,Brazil,552968034274
7934413,Werner,JUBERT,M,1977-07-19,Finland,3580935674663
6027064,Marie-Josiane,CHAUVIN,F,1975-06-23,Spain,34344871476
8956572,Amalia,ADAM,F,1977-05-16,Russia,76552143744
6675834,Marie-Agnès,PAYNEAU,F,1975-02-04,Italy,393846871944
8936756,Suzy,JAGUELIN,F,1972-02-21,Russia,73645951713
4244238,Ulrich,FOURNIER,M,1979-11-23,Germany,496284634477
3963321,Betty,LIZEE,F,1976-12-29,Brazil,554277860657
6103598,Joannès,MABILEAU,M,1975-07-10,Morocco,212385896316
2449690,Emmanuel,BOURGERIE,M,1970-02-04,Brazil,553950452151
2060776,Laura,MOSSET,F,1971-05-12,Netherlands,31836192856
5121807,Marie-Rose,PINON,F,1987-03-09,Sweden,463753963081
5080758,Stéphane,LATTE,M,1989-12-17,Switzerland,413172869014
5772436,Irene,PASQUEREAU,F,1975-06-01,Greece,303852920935
3878791,Jean-Noêl,GUERIN,M,1980-09-06,Spain,34760707325
8454411,Fabrice,PRAIZELIN,M,1973-05-23,Germany,497405907644
9813866,Regine,TERRIER,F,1988-09-24,Colombia,5701305395
8544340,Myriam,CIMIER,M,1971-06-11,Netherlands,31285211560
2492816,Martine,BOTTEREAU,F,1989-06-22,Turkey,908970635275
1653959,Christian,TERRIER,F,1985-01-10,Belgium,32010882250
4513662,Joanna,PERDREAU,F,1971-05-22,Finland,3588839780471
1841012,Noel,DION,M,1983-03-11,Morocco,212670834114
4443958,Marie-Dominique,BEDUNEAU,F,1982-05-23,Chile,56646405316
9806014,Mariannick,CORNUAULT,F,1987-10-18,France,33665793767
2372901,Marie-Colette,BERTHO,F,1987-05-10,Colombia,5735791013
2145771,Therese,AUDUSSEAU,F,1974-12-05,Russia,78339304258
8068123,Maria,LIBAULT,F,1975-05-05,Sweden,461578949821
4082529,Carine,VRAIN,F,1980-11-17,Germany,493138808894
7598139,Guénaël,ROBINEAU,M,1976-05-27,Finland,3583099575323
8662085,Ghislain,GAUFRETEAU,M,1990-06-10,Tunisia,21626990567
8409862,Michelle,POIREAU,M,1984-10-06,Germany,491691670125
3286470,Guilhem,BRANCHEREAU,M,1976-02-17,Greece,304503279778
2734875,Jean Charles,DABIN,M,1979-07-24,Australia,611304302202
1787835,Elio,GUAIS,M,1974-12-22,Argentina,542690706943
1256896,Ariane,MAUCOURT,F,1989-06-13,Germany,497529650426
2127477,Jacky,MAUGEAIS,F,1970-02-11,Japan,815911459689
8262348,Henriette,TRANCHANT,F,1977-10-18,United States of America,13728229927
5346479,Sidonie,DELETRE,F,1979-08-31,Iran,984476771309
8545090,Victoire,MOUTAULT,F,1974-02-21,Brazil,551850129481
7651430,Louisette,GAUTHIER,F,1978-01-25,Austria,431225468129
3861613,Jéröme,HUCHET,M,1978-07-05,Japan,815901913232
3925716,Jacques,ALIGON,M,1985-08-28,Switzerland,416662151892
3153786,Guy-Michel,BOSSE,M,1976-07-09,Finland,3587743976948
5151624,Thérèse,GROLLEAU,F,1983-10-08,Sweden,466793523777
920520,Didier,FIEVRE,M,1983-10-02,Morocco,212613507356
3144006,Charlette,TRAINEAU,F,1978-07-05,Greece,302230214501
8704675,Reynald,COUBARD,M,1981-03-10,Italy,393347871477
1704634,Christele,COUTARD,F,1982-04-05,Chile,56484459892
6249515,P.Yves,DUTERTRE,M,1982-02-27,Switzerland,413421332264
3903604,Ursula,SAULNIER,F,1977-06-15,Iran,985717419702
1930046,Jean-Léon,BEAUJEON,M,1988-10-16,United States of America,13777918989
4708490,Marie-Jose,CADY,F,1970-08-14,Spain,34549268749
4525836,Lise-Marie,GODIVEAU,F,1989-09-07,Tunisia,21663085510
1580427,Sylvio,PIERRE,M,1990-07-14,Nigeria,2343185374613
1919097,Amel,GRELET,F,1973-03-01,Mexico,524018443740
2911710,Marie-Aline,DILE,F,1988-12-17,Spain,34652507126
73552,Vinciane,ARNOU,F,1981-03-16,Austria,439066955202
1576033,Assia,ROUILLER,F,1983-08-18,France,33158871381
9559811,Jamal,SICOT,M,1984-07-07,Turkey,907047895377
3666933,Josyane,LESPAGNOL,F,1982-02-27,Lebanon,96131326592
2235746,Charles-Antoine,DUPIN,M,1977-03-02,Germany,492516960409
4083461,Guilhem,THIBAULT,M,1989-04-28,China,860272059835
5060643,Jacqueline,ESSEUL,M,1980-02-04,Norway,4725956915
8652486,Marie-Annick,DOUBLET,F,1983-07-11,Sweden,462417384815
1236330,Inès,RITOUET,F,1978-07-30,Austria,430054264463
7836903,Gislaine,PELTIER,F,1990-12-18,Switzerland,417128035681
4933118,Toussaint,DUREAU,M,1986-12-03,France,33705647937
3903324,Brahim,ARNOUX,M,1976-05-10,Lebanon,96141965126
3146086,Marie Jose,JAN,F,1972-06-12,China,868010484888
908807,Joselyne,POUPELIN,F,1971-01-04,Brazil,553474179897
1194377,Marie-Ange,FALIGANT,F,1989-02-21,Tunisia,21644247021
9151259,Luciano,GENET,M,1974-07-31,Switzerland,415356428678
4525058,Ariane,DUPUY,F,1975-08-07,Lebanon,96162030161
1004280,Marie-Estelle,DEMION,F,1982-05-13,Iran,986827752027
8421692,Lauriane,LE CAM,F,1975-03-23,United Kingdom,441913425858
3251918,Cynthia,PLOT,F,1983-12-22,Chile,56497296640
1764440,Muriel,COUDRAY,F,1971-08-11,Finland,3587077176122
7210043,Pol,PICARD,M,1988-07-12,Russia,73977854255
3530557,William,LE MOAL,M,1990-03-29,Greece,305126644582
643837,Marie-Joelle,CORBIN,F,1983-07-29,Chile,56061503428
2226118,Mariane,LEBOEUF,F,1974-08-17,Sweden,466738792129
1494218,Aurélien,DELAGE,M,1976-05-26,Turkey,905495515895
5501068,René-Claude,BEZIAU,M,1975-12-05,Morocco,212343342797
9655404,Bruna,SACHOT,F,1989-02-18,Greece,308198267148
4804712,Vivian,BIGNON,M,1988-11-05,France,33028108777
1976771,Charles-Antoine,BIDAULT,M,1975-06-18,China,865081319853
6817834,Maryannick,MUSSET,F,1971-11-14,United States of America,16315936537
9170595,Jeannie,POIRRIER,F,1988-04-04,Russia,78283569394
9924926,Gautier,LETORT,M,1982-01-27,Chile,56483286179
875812,Celia,RORTEAU,F,1976-07-03,Lebanon,96154218783
1936134,Marie-Josette,PINET,F,1987-07-24,Netherlands,31320147038
425617,Aurore,RAULT,F,1982-12-19,Turkey,903703840056
6211913,Naïma,LETOURNEAU,F,1976-06-02,United Kingdom,444753859459
3079960,Raphaelle,BIBARD,F,1973-11-27,United States of America,19379472950
2538069,Mauricette,BERSON,F,1980-04-19,Tunisia,21613584776
2719906,Angelique,POTIER,F,1974-04-06,France,33930279696
9954760,Angélique,HOREAU,F,1987-08-28,India,911073640588
809928,Harry,ROUSSELOT,M,1982-07-17,Mexico,523980407135
8431696,Ian,GROYER,M,1985-10-16,Netherlands,31130046276
3294893,Séverin,BUROT,M,1982-08-13,India,917442154008
3180630,Eddy,CADOT,M,1975-12-30,Austria,434951296458
2740352,Nadege,LECOQ,F,1989-09-12,Morocco,212649547617
6052447,Donatien,GUINAUDEAU,M,1974-08-13,Greece,307300490920
2500025,Jean-Didier,HERSANT,M,1970-01-25,Greece,306813856054
9428239,Bruna,CHEVET,F,1975-06-13,Morocco,212120036547
4258503,Ghislaine,SAUVETRE,F,1983-03-20,Belgium,32528360836
6792798,Cathia,COGNE,F,1986-07-19,Mexico,526768557397
5655068,Marie-Bernard,DESPORTES,F,1979-02-27,Switzerland,411989988071
7848734,François,BELLARD,M,1987-05-13,Tunisia,21691212698
8146525,Jean-Damien,RUAULT,M,1982-04-03,Tunisia,21690635565
8084623,Claudy,POTIER,F,1988-06-07,Iran,982365582613
4860682,Estelle,DELANOUE,M,1971-06-20,Brazil,550617376609
4004890,Marie Joseph,BAUDRY,F,1989-12-13,Spain,34149046356
945627,Louis-Michel,BARBARIT,M,1990-11-17,Brazil,559328030304
6528604,Charles,GUILLOTEAU,M,1990-08-26,Brazil,552603744991
7267685,Lorette,MOUCHET,F,1988-02-27,France,33413548218
9354677,Laëticia,FOULON,F,1984-04-28,Nigeria,2341605256695
4599869,Véronique,BELLIARD,F,1982-02-07,Spain,34167767035
7764750,Marie-Joëlle,GENNETAY,F,1971-10-09,Switzerland,415786068685
4363053,Josyane,DEROUIN,F,1976-05-16,Italy,395096518974
2787045,Anne-Rose,BEUGNET,F,1989-10-04,Austria,431878274269
6768896,Ambroise,SAULOUP,M,1980-05-26,Argentina,547170334945
9353058,Marie Laure,BOCHEREAU,F,1977-01-29,Canada,14998140340
9662961,Hocine,COUTANT,M,1979-02-16,Netherlands,31735387339
7758512,Sigrid,LEVRON,F,1983-06-01,Germany,491921424808
5113718,Elvira,GENDRON,F,1985-11-25,India,914606086508
9314345,Arielle,ABELARD,F,1972-10-02,Nigeria,2348287736528
9567835,Aleth,SOUCHET,F,1980-11-15,Switzerland,410850365221
8974198,Gwenola,BOUJU,F,1987-12-26,Australia,612283129165
8822825,Marie-France,RAGUENEAU,F,1988-07-11,Austria,437521817375
6144584,Stéphane,SOYER,M,1981-05-31,Russia,74530785607
3163194,Pierre-Yves,MARTEAU,M,1971-01-24,India,911320566002
8672018,Marie-Odile,LETORT,F,1980-12-03,Canada,16726389113
428818,Rosemarie,GROSBOIS,F,1979-03-05,Russia,77200485446
3191029,Laurent,BEAUMARD,M,1975-02-11,Switzerland,412949426306
9389285,Youssef,PANNEAU,M,1980-06-11,Austria,439659758010
2126373,Georgette,LEROYER,M,1982-04-04,Japan,813189399616
7648204,Kathy,RAUTURIER,F,1983-10-08,Greece,309846335999
9851465,Samia,DELAUNAY,F,1970-09-16,Spain,34727411791
4029837,Daniel,HUET,M,1985-09-15,Canada,17625917056
8596778,Eloïse,GAUCHER,F,1971-07-03,Iran,985454094332
4393012,Maïté,GUEDON,F,1982-12-20,Argentina,540453273117
2097820,Alan,BARBAULT,M,1974-11-25,Netherlands,31335825773
956325,Sylvain,HULIN,M,1970-11-10,Canada,11232508663
7929573,Adeline,BOULISSIERE,F,1981-02-05,Lebanon,96128870060
8147159,Marcel,PIGNON,M,1975-07-12,Brazil,559014052031
905925,Monique,GUY,F,1988-09-28,Iran,981022503792
8400796,Germaine,PLESSIS,F,1988-10-01,Turkey,903391781213
8550493,Virginie,CHANTEAU,F,1983-08-19,Argentina,543201586875
8676407,Jean-Gabriel,HARDY,M,1978-08-13,France,33350203646
9301949,Rose,JADAUD,F,1985-11-10,United States of America,15792378332
9756120,Mouhamadi,RELION,M,1985-01-17,Turkey,902244819501
760905,Brigitte,FRUCHET,M,1987-04-27,Tunisia,21627985282
3729533,Marie Angèle,LICOIS,F,1987-02-03,Finland,3585758036264
6966079,Jean-Hubert,GARNIER,M,1977-12-28,Switzerland,412650319511
39098,Bernardette,PIOU,F,1977-05-22,Colombia,5754979937
7855206,Natalie,ALLORY,F,1990-06-15,Italy,397641614727
4553394,Augustin,ROLLAND,M,1985-06-25,Finland,3581653212198
7804138,Alix,LESAGE,M,1983-02-24,Austria,432929865137
5896297,Mirella,MAUXION,F,1975-11-15,Colombia,5720356369
217620,Hakima,PASQUIER,F,1975-11-17,Canada,18823922612
8944626,Lydie,VERRON,F,1976-10-05,Switzerland,411899010677
2782378,Francesco,LESOURD,M,1979-08-19,Mexico,526099914847
92645,Denise,COGNEE,F,1989-02-20,Austria,433624022947
7301283,Igor,DILE,M,1978-09-28,Japan,811603985046
147930,Fatna,LACROIX,F,1985-01-08,Canada,12072170899
8815402,Stéfan,DUFRESNE,M,1971-05-27,Norway,4790236065
5331875,Cédric,HAUDEBAULT,M,1978-12-06,Turkey,900586249545
9675748,Violette,MARIONNEAU,F,1984-12-15,Mexico,528306660830
9756081,Gilles,MARIE,M,1980-06-12,Morocco,212750856761
2198088,Francisco,HOMER,M,1971-01-27,France,33940136367
6058004,Emilia,AUVINET,F,1972-03-13,Italy,395148817066
6404809,Rodrigue,FRANCOIS,M,1976-03-10,Italy,394126459495
9405310,Marie-Rose,CLOCHARD,F,1971-06-23,Netherlands,31527725736
5100748,Jacky,PUAUD,M,1983-11-06,Belgium,32498657639
7663021,Joan,CORMERAIS,F,1976-04-02,Sweden,465541386969
7086849,Jean-Joël,PINEAU,M,1970-09-04,United States of America,15584743321
3416708,Jean-Joël,ABLINE,M,1978-08-03,Tunisia,21601341210
9301289,Samir,MATHIEU,M,1988-12-30,Turkey,901762759437
3590043,Christophe,DELETANG,M,1970-12-11,India,917489200489
9946335,Cyril,TIJOU,F,1984-12-01,Mexico,520591078899
7197520,Robert,DESCHAMPS,M,1986-09-02,Argentina,547159118869
7833581,Annette,COLONNIER,F,1970-12-13,Iran,984695956781
7775109,Joachim,COUILLEAU,M,1978-03-29,Germany,499553827971
1694342,Ralph,JUSTEAU,M,1975-04-01,Nigeria,2348275687030
4217524,Sylvio,JAMET,M,1981-07-16,Finland,3581722425624
2126427,Daniel,CAILLARD,F,1970-09-07,Finland,3583827882143
9573380,Arnault,LEMOINE,M,1987-06-15,Spain,34092891640
513195,Nabil,MENOU,M,1981-09-14,Norway,4709157199
6912944,Mina,CAMUS,F,1985-01-24,Norway,4794177880
8625502,Jean-Eric,BILLARD,M,1975-09-28,Tunisia,21617110557
9661764,Marie Jeanne,VAIDIE,F,1976-02-15,Morocco,212489223787
6487451,Rose Marie,RAYMOND,F,1988-10-13,Russia,75693793126
6114660,Edwige,PRODHOMME,F,1974-09-17,Iran,983940593821
7722025,Tania,DOLBOIS,F,1988-03-09,Brazil,559550835375
4801743,Manuela,HUGUET,F,1985-01-17,Netherlands,31803654538
6910818,Jean-Martin,BREHERET,M,1972-10-15,Greece,304479849076
9552760,Hugo,MACAULT,M,1979-06-28,Russia,74588555720
9973127,Pierre-Marc,LEBOUC,M,1984-08-31,Spain,34881097413
5695927,Charles,VERDIER,M,1978-07-18,Netherlands,31537264209
6171758,Paméla,BOULEAU,F,1973-05-22,Mexico,529032808812
6752013,Fatiha,PREAULT,F,1978-03-09,Russia,73734489133
4330352,Marie-Lyse,MESLET,F,1970-11-21,Norway,4707152263
161783,Frederic,DUTOUR,M,1989-02-26,Switzerland,416639058740
842031,Luigi,AUDEBERT,M,1987-09-06,Italy,395754632878
7666340,Mouhamadi,BRUNELLIERE,M,1973-10-08,India,911959440958
1019713,Célestin,COULON,M,1986-03-20,Austria,437274728883
2798496,Eugénie,SAGET,F,1989-12-12,Lebanon,96100714126
7283528,Anaïs,GUILLEMET,F,1981-01-17,Mexico,529466004637
1916201,Marie-Christine,RIBAULT,F,1985-01-15,Finland,3584538237249
3001523,Marie-Astrid,PITAULT,F,1989-10-03,Austria,437609224873
7377267,Pierrette,GILBERT,F,1972-11-29,Tunisia,21625644018
4821395,Héléne,LECHAT,F,1979-02-20,Switzerland,418198787649
9072781,Janny,ROLANDEAU,F,1970-07-08,Germany,493726214000
8841304,Francette,FOREST,F,1982-02-24,Nigeria,2340927735101
6560808,Jocelyne,GUICHET,F,1975-04-15,Iran,987303390268
7277779,Donatienne,TISSEAU,F,1987-02-02,Norway,4703598412
8991054,Jean-François,CHIMIER,M,1977-01-08,United States of America,19098793448
9404304,Alberto,BAUGE,M,1984-05-11,China,869635286379
8615744,Astrid,LEBLANC,F,1983-05-12,Brazil,559364504344
8575065,Adrienne,CHOISNE,F,1975-05-11,Netherlands,31821739402
4300606,Charlotte,CHIGNARD,F,1987-01-09,Italy,393545424927
8830911,Josephine,GATE,F,1988-08-23,Chile,56515660554
8699698,Désiré,FOUILLET,M,1974-06-29,Lebanon,96134827670
1959035,Séverin,LEGER,M,1971-08-21,Austria,434775090830
3422816,Mehdi,LEMERCIER,M,1990-09-17,Netherlands,31803838015
1869534,Jean Yves,DILE,M,1984-12-14,Sweden,467129649241
8481513,Mohamadi,CAILLEAU,M,1970-07-01,Turkey,903202648634
2845122,Alfred,HUCHON,M,1987-10-07,Argentina,548096449321
1928014,Claire,BLOURDIER,M,1984-04-17,Norway,4755034818
4243468,Ollivier,NAUD,M,1990-07-24,France,33080466054
9048545,Léonce,CHEMINEAU,F,1975-03-19,Japan,813355212978
2159224,Lily,ANDORIN,F,1975-10-20,Belgium,32825540939
7036147,Paul-François,TOUZEAU,M,1979-10-08,United Kingdom,449450528449
6705918,Phillippe,BODEREAU,M,1986-07-20,Spain,34836313517
3076710,Marie Françoise,BOTTEREAU,F,1982-04-17,Finland,3588035230722
2650389,Lino,GABORIEAU,M,1982-07-21,Australia,614912217485
6063901,Ludwig,LANDRY,M,1974-03-24,Netherlands,31149676520
5472506,Malou,COEFFARD,F,1979-02-12,India,910773751694
8923428,Yannik,JUIN,M,1987-10-13,Austria,435055318517
2201328,Enrique,RUAU,M,1973-06-03,Australia,613303908486
3107400,Jerome,LETORT,M,1990-12-01,Lebanon,96182521655
8858967,Odette,ETIENNE,F,1989-04-13,Austria,438016406100
4660976,Marie-Béatrice,TROUVE,F,1971-08-30,Mexico,527814397807
6194223,Marie-Christine,HUARD,F,1989-07-11,Italy,396842855449
3191399,Jean-Benoit,JEANNIN,M,1982-09-13,Switzerland,412591346971
6495936,Claudine,PAVION,F,1978-01-23,Sweden,462265643083
3357492,Any,BOURGEAIS,F,1979-11-17,Iran,984711747273
7021205,Dany,CORNILLEAU,F,1971-06-02,Argentina,544830676813
1967218,Marie-Carmen,POUPELIN,F,1984-09-02,Greece,305160503875
1206158,Jeremie,LEFRANC,M,1984-11-15,Sweden,467100373125
6393476,Peio,BAILLY,M,1973-06-11,Tunisia,21695028256
5136288,Cyrille,BRILLANT,F,1970-01-17,Spain,34015722188
8969213,Rosalie,ROBIN,F,1983-02-03,Greece,301273067423
7135718,Suzy,MERCERON,F,1988-01-06,Iran,980283504265
6665098,Annonciade,SIONNEAU,F,1987-12-07,Brazil,558183221355
1073762,Yves-Marie,LEFEBVRE,M,1978-08-07,Finland,3586759601992
1012279,Josselyne,ROTUREAU,F,1970-05-10,United States of America,18671231822
4539452,Casimir,NOEL,M,1971-11-26,Greece,301087422213
8765261,Léon,LEFORT,M,1987-03-05,Tunisia,21625500198
7699461,Arnaud,BAZIN,M,1980-03-31,Finland,3582464537262
7268303,Jacquy,BELANGER,M,1980-07-31,India,915675978375
6763012,Fabiola,BONTEMPS,F,1977-08-24,Iran,981120774512
9533744,Katell,PROUST,F,1974-03-03,Greece,309857291193
5111138,Teddy,BAUDET,M,1986-02-02,Nigeria,2346497829913
8887151,Jean Noël,DELAUNE,M,1971-06-16,Japan,812976726499
5772066,Nelly,CHANTEAU,M,1985-03-11,Turkey,903063481878
956143,Augustine,DELAGE,F,1984-05-03,Tunisia,21693783322
7930091,Alexandra,MANGEARD,M,1976-07-09,United States of America,15749598217
4333831,Gillian,GOUFFIER,F,1973-03-30,Morocco,212324283856
5812371,Léonce,TIGNON,F,1970-05-06,Turkey,903515307491
6247610,Philomène,TARDIF,F,1970-09-04,Sweden,466120452308
2438956,Marie-Ange,BARAT,F,1984-02-21,Greece,305838146045
5863829,Magali,LAURY,F,1984-07-05,Mexico,527270066548
8922748,Ludovic,BOUQUET,M,1979-01-26,Chile,56267313756
5223158,Laurence,ROUMY,M,1984-12-25,Norway,4754314796
711050,Brigitte,ROUGER,M,1984-09-28,Australia,618866634916
3837194,Agnès,LIZE,M,1971-09-21,Turkey,900014745759
7334728,Marie-Georges,DERSOIR,F,1979-09-18,Sweden,464794640694
6116707,Marie-Isabelle,MABILLE,F,1983-07-31,France,33232414008
3574784,Elena,SEGUINEAU,F,1978-11-13,Australia,610746883125
3692923,Joelle,BURGEVIN,F,1980-05-24,Netherlands,31016538666
5821440,Anette,JEAN,F,1987-06-04,China,866876432293
3746335,Siegfried,RICOU,M,1971-05-03,Greece,308441843631
4692390,Bérengère,LOGEAIS,F,1972-12-19,Chile,56971725984
3687184,Josyane,MENOU,F,1973-01-27,Australia,615578151596
6764056,Diego,VIAUX,M,1985-07-14,Turkey,909924119668
5553974,Armande,VIEL,F,1972-09-03,Russia,71370052066
4607546,Margaret,BUCHER,F,1976-09-15,China,865589005751
968605,Marylin,THIBERGE,F,1972-11-16,Sweden,463503857605
8081382,Adrienne,BROSSAS,F,1972-11-27,Iran,988645225974
1482630,Iris,LEBOUVIER,F,1988-02-20,Sweden,460823715006
4051911,Marie-Claudine,BERGE,F,1979-11-20,Norway,4719942120
3390147,Jonathan,BARDIN,M,1974-01-05,Germany,495623192783
6367778,François,PERRAULT,F,1971-09-30,Sweden,467228975311
7616452,Léonce,CONGNARD,F,1978-04-11,Japan,813344057355
1589303,Marylin,RIVRON,F,1985-09-21,India,911217099212
5768516,Werner,BREHERET,M,1976-11-29,United States of America,14840478632
7984327,Anne Sophie,GUINOISEAU,F,1981-07-14,Colombia,5726990641
728852,Madeleine,BERGE,F,1971-08-21,Turkey,903462608910
6775278,Arthur,DEZE,M,1988-04-21,Japan,817790334097
7167627,Fernand,BROUSSEAU,M,1986-11-07,Sweden,464789610240
9342743,Cynthia,VINCONNEAU,F,1977-06-29,Canada,16983581371
173050,Marie-Solange,SEGRETAIN,F,1973-10-17,Greece,309899811993
3417782,Wilfried,MOULIN,M,1978-04-30,Greece,307843896853
4330429,Marie-Josèphe,THOMAS,F,1979-10-22,Norway,4754610888
5715974,Yves,VIAUX,M,1984-04-29,Brazil,553668065264
5201673,Jacques,VAUGOYEAU,M,1990-09-15,Chile,56160125293
1895588,Charlène,FUZEAU,F,1970-07-03,Mexico,526639139145
254653,Ana,LENOGUE,F,1987-09-20,United States of America,16554204222
9952336,Sandrine,GUESDON,M,1970-01-16,Spain,34445731202
4491542,P.Yves,BOIGNE,M,1986-03-23,Iran,988365467080
727456,Jeannick,ROTUREAU,F,1984-05-28,Australia,619259581200
2315076,Jean Marcel,BLAIS,M,1977-04-10,Brazil,552717444199
6680788,Corrine,GUILBAUD,F,1982-11-14,France,33817879652
9946411,Omer,LIVENAIS,M,1970-04-21,India,919119783596
229573,Clarisse,JAUNET,F,1971-05-21,Greece,304074575026
4477475,François-Xavier,BALAVOINE,M,1986-04-14,Mexico,523376250375
9860589,Nolwen,TRAINEAU,F,1980-02-01,Colombia,5708780259
201639,Elvis,TELLIER,M,1973-01-31,Iran,987070876313
6574564,Dorothee,PICANTIN,F,1970-11-06,United States of America,11217781375
8116653,Jean-Richard,BESSON,M,1975-08-20,United States of America,15707593061
6330578,Germain,GUEDON,M,1981-10-15,Turkey,907367425877
7277065,Fadila,AUBINEAU,F,1986-07-14,Brazil,556974781777
1733294,Suzel,ROCHE,F,1988-08-05,Canada,11721234139
4183501,Fiona,FAURE,F,1974-08-04,Greece,301494981797
7332900,Michéle,MINIER,F,1982-10-16,Germany,494545356104
3974868,Ségolène,LEGAGNEUX,F,1976-08-04,Lebanon,96136760495
5468829,Anne-Sophie,ROCHEREAU,F,1973-02-04,Germany,498109930828
4995674,François Xavier,EMERIAU,M,1989-02-27,Germany,496905471438
1745165,Jmichel,MARTINEAU,M,1981-12-31,Greece,309594508066
5762467,Laëticia,VENDE,F,1977-06-13,Japan,817282920803
1295427,Anaïs,AYRAULT,F,1981-06-11,United States of America,17786042531
6701435,Ida,BREJON,F,1981-12-28,Greece,301969987170
1281028,Aloyse,SIMON,M,1971-02-17,Australia,615136691009
9227523,Anne-Sophie,BUREAU,F,1983-01-20,Greece,301072106406
1141389,Maryvonne,BOYER,F,1987-11-18,China,867825462192
6129453,Jean-Hugues,LE GOFF,M,1978-10-15,Canada,19542552174
3825376,Emily,LECLAIR,F,1978-11-02,Italy,394337526108
242402,Ernest,HOUDU,M,1978-02-27,Australia,614886826932
3608627,Jeaninne,GEINDREAU,F,1982-03-07,Austria,434709234227
8978844,Ghyslain,THIBERGE,M,1976-07-30,Greece,307847955752
4409391,Jean-Eudes,TIJOU,M,1976-02-06,Iran,987870076312
9798863,Suzy,CHAUVIERE,F,1986-02-28,Mexico,520747190934
2520169,Anne-Charlotte,CHOQUET,F,1976-11-18,Japan,817599398659
7474123,Jean Charles,BOURGEOIS,M,1976-10-27,Italy,396938737827
4300105,Eliette,VERGNEAU,F,1977-07-18,Morocco,212556971160
3250571,Marie-Paule,TIERCELIN,M,1982-03-28,Japan,816709632678
8327292,Marie Therese,SUROT,F,1972-09-13,Finland,3580184691376
8826120,Candice,RABOUIN,F,1979-11-09,Norway,4761189426
6735819,Hélèna,MAHE,F,1987-05-01,Chile,56937146776
2289426,Claude,BURGEVIN,F,1978-04-21,Switzerland,417045480834
3588038,Gaétan,FOUILLET,M,1981-07-02,United Kingdom,443169489662
4839413,Keith,PAYNEAU,M,1988-07-20,Australia,619197294722
5129112,Khadija,PROD HOMME,F,1982-11-19,Japan,812124779472
963435,Peio,JOSEPH,M,1984-02-15,Russia,76632136800
348650,Diego,BAUNE,M,1986-03-26,Mexico,523963163445
6380173,Marie-Line,MARANDEAU,F,1979-07-25,Chile,56704581739
6986577,Sybille,BLOUIN,F,1976-09-11,Belgium,32260711900
617771,Rozenn,POIROUX,F,1975-09-20,France,33244748713
5682377,Humbert,BAUDOUIN,M,1978-01-05,Germany,493810243314
6560403,Andrew,ARNOUX,M,1981-10-06,Nigeria,2340704214983
1287358,Guylène,PAINEAU,F,1987-11-06,Switzerland,413946796171
7500157,Samantha,GASCHET,F,1978-04-24,Brazil,554906162175
2710064,Elvira,MORTIER,F,1978-05-24,Netherlands,31091921012
5877586,Jérémy,RAVENEAU,M,1987-12-05,Nigeria,2343089103145
2087132,Géraud,BESLOT,M,1984-08-23,Tunisia,21615293083
1604724,Ann,LEVEQUE,F,1974-05-05,Italy,399932882633
1781718,Leila,HAMON,F,1976-10-07,Japan,815266145095
8543243,Thérése,MAREAU,F,1976-05-05,France,33901683084
9566726,Joanna,LECUIT,F,1970-04-08,Greece,300143432834
3402948,Nadege,MORAND,F,1976-10-14,Spain,34210397203
432041,Donatienne,CHENE,F,1980-01-06,Australia,614362689555
8358397,Prosper,BARBARIN,M,1989-08-27,China,869371524207
9075619,Ali,MAUDET,M,1980-05-14,Finland,3583597425920
2146656,Anna,PEGE,F,1978-08-21,Iran,985568828402
9052942,Eliette,ORHON,F,1988-05-15,Spain,34650576913
3680399,Jean Paul,EDOUARD,M,1976-02-01,Iran,984767023758
9541876,Rachida,MANGEARD,F,1979-12-10,France,33394005975
2124331,Flore,GOISLARD,F,1989-05-28,Iran,980933155065
230891,Michele,ALLUSSE,F,1973-05-24,Sweden,460274732349
6879239,Abdel,PREAU,M,1986-11-30,Morocco,212266226140
2665643,Lucile,GAUTHIER,F,1987-12-28,India,913823353194
1953473,Christophe,FRANCOIS,F,1971-01-24,Russia,73713436464
1141280,Guislaine,LIEVRE,F,1984-09-25,Germany,493117919356
591188,Anaïs,MAUGEAIS,F,1976-04-03,Canada,11314616984
4955669,Daniela,LEGENDRE,F,1990-02-21,Spain,34658797577
1182280,Monika,BROSSAS,F,1984-06-15,Austria,437692204243
5620107,Grace,BOSSEAU,F,1972-06-06,Canada,14424256419
7402471,Mathilde,TUDOUX,F,1988-10-13,Mexico,526863785342
2478556,Lionel,RUAU,M,1972-03-31,Japan,816877268365
3921464,Rosemarie,BERTAUD,F,1970-11-06,Austria,430427857487
2328781,Gabriel,BIGOT,M,1972-11-04,China,861881930302
654997,Marie Françoise,PERTUE,F,1970-04-22,Turkey,904392983935
7226155,Christianne,DUCHENE,F,1973-11-09,Germany,490723686279
9367440,Félicie,GUERRY,F,1986-05-07,Italy,398779916484
3294576,Elodie,BOLTEAU,F,1982-01-07,Norway,4769424557
9272361,Najia,TEXIER,F,1985-09-05,Netherlands,31679853548
9748859,Cedric,FRUCHAUD,M,1973-08-28,Spain,34079959111
7762112,Jean Louis,DENECHERE,M,1981-12-09,India,913543900334
8860264,Amina,BAUDRIER,F,1971-08-10,Finland,3582149347585
5139676,Fernand,VAUGOYEAU,M,1980-05-01,Sweden,462487145195
5815505,Marie Joelle,MARTEAU,F,1983-03-18,China,868070813467
3222554,Valèrie,BENOIST,F,1970-04-19,Sweden,463963420926
226896,Karima,TROTTIER,F,1979-12-01,Greece,308142114211
4741921,Frantz,BLUTEAU,M,1976-03-01,Tunisia,21658547982
196330,Guislain,EDIN,M,1973-10-18,Sweden,464122076621
9970230,Thérèse,LEDUC,M,1971-06-30,Colombia,5722705063
2912055,Marie-Joëlle,LEFRANC,F,1976-07-08,Mexico,522624612428
6259269,Jean-Roger,DELORME,M,1980-02-16,Colombia,5746650054
7075145,Jean André,FOURNY,M,1978-12-11,United States of America,13114642483
5827861,Eloïse,MENARD,F,1971-07-16,Japan,810612857036
3713099,Ghyslaine,GIRARDEAU,F,1980-09-20,Finland,3588805621691
8183722,Ariel,PIQUET,M,1983-05-02,Belgium,32196321771
3329345,Olga,DUPAS,F,1973-12-02,Nigeria,2346374521932
6371628,Roland,VACHER,M,1981-12-26,Sweden,465561183889
9726210,Marc,DOLBOIS,M,1982-08-21,United Kingdom,443015974657
5176091,Betty,GILLET,F,1974-12-22,Nigeria,2341951988015
2811084,Emilie,PELLUAU,M,1972-09-20,Italy,399285422187
1899538,Maîté,AUBIN,F,1976-02-07,Canada,10553847189
9591738,Dorothée,RETIF,F,1987-07-22,Mexico,527451773858
6597964,Joaquim,DUBAS,M,1987-10-03,Netherlands,31746762840
86899,Charline,LAURENDEAU,F,1974-06-26,Japan,814979490203
6422009,Jean Toussaint,REVAUD,M,1971-06-23,Morocco,212249804736
6801335,Adeline,BOUYER,F,1978-03-31,Sweden,466144476441
3149116,Pauline,CHAUVIN,F,1989-09-22,United States of America,17720851272
7997539,Jean-Dominique,BARBOT,M,1976-06-24,Lebanon,96177214535
6132658,Marie-Hélène,MARTINEAU,M,1980-10-24,Russia,77908405456
6702771,Jimmy,CANTIN,M,1970-12-12,Germany,490616442913
115040,Abdel,CHACUN,M,1986-01-24,Greece,308153786725
5457138,Pierre-Paul,GILLET,M,1985-03-15,Tunisia,21620078003
4119676,Léopold,GABORIT,M,1990-07-28,Italy,390737975358
7671230,Jean-Philippe,LE BRAS,M,1980-09-24,Brazil,557019232643
5857507,Enrique,HOUDU,M,1990-08-06,Spain,34940114286
7587995,Sébastien,POINTEAU,M,1974-09-28,United States of America,18029192363
3854044,Marius,DIARD,M,1972-05-13,United States of America,17581439236
7374310,Renée,BODUSSEAU,M,1978-04-30,Mexico,524856902571
1796228,James,TISSEAU,M,1971-06-25,Sweden,460366390543
8030886,Philippe,FROGER,F,1985-04-25,Netherlands,31062770604
6562734,Manuel,LECOINDRE,M,1990-08-17,Italy,394285729148
4546666,Corinne,PASQUIET,F,1988-11-05,Norway,4776880438
4795340,Corrine,BARBARIN,F,1989-09-19,Tunisia,21683395381
592953,Pierre Paul,POUVREAU,M,1979-08-07,Italy,392225347122
3389071,Abel,GESLIN,M,1985-01-28,Greece,304848760788
2200425,René,ROULLIER,M,1987-09-09,Italy,394836079029
7568048,Pierre-André,LOGEAIS,M,1982-07-29,Brazil,558448140273
8477989,Ollivier,GICQUEL,M,1983-05-27,Italy,399564239679
6085586,Rénald,MARET,M,1983-08-26,Chile,56913604247
2384239,Myriam,COUVREUR,F,1984-01-09,Sweden,460001023516
8220318,Jean Bernard,LAUNAY,M,1980-06-29,Morocco,212398131576
6929860,Pierre Yves,BASLE,M,1987-09-19,Netherlands,31508538408
4686779,Constantin,FRESNEAU,M,1990-11-03,United Kingdom,442644923207
6440073,Valerie,LUCAS,M,1981-10-02,Norway,4783777570
5334776,Joannès,MABILLEAU,M,1975-02-08,Netherlands,31987588856
1649780,Jeremy,LAURENDEAU,M,1972-08-29,Russia,76794390620
3651919,Beatrice,CRESPIN,F,1988-09-04,Sweden,463754202073
6194539,Sandra,NOUCHET,M,1988-01-17,Brazil,556148157621
8263974,Florent,TRAINEAU,M,1986-05-28,Sweden,463928954468
4774019,Sébastien,GUION,M,1976-01-28,Tunisia,21689657408
9815386,Marise,MOUSSEAU,F,1973-02-22,Netherlands,31249718668
3977481,Typhaine,SUTEAU,F,1978-10-24,Russia,73396794159
4219748,Erik,RABIN,M,1989-05-11,China,868552817198
8801391,Frédéric,JOUAN,F,1975-10-05,Russia,77178592509
8756374,Marilyn,HULLIN,F,1974-08-31,Turkey,906858987039
3151705,Rose Marie,MAUCOURT,F,1972-11-02,Japan,816322903206
1997690,Patrick,BOUHIRON,M,1984-06-05,Belgium,32492094056
8177418,Annick,LORRE,M,1980-10-26,Turkey,908028292192
2909548,Marie-Hélène,CHICOISNE,F,1974-06-18,Spain,34854899877
4490469,Maylis,JOLLIVET,F,1978-04-18,Canada,13410437538
6437213,Siegfried,MINGOT,M,1981-09-01,Argentina,542267451114
5121192,Caroline,REVEILLERE,M,1988-11-14,China,865498989011
6766127,Jeanine,DIARD,F,1979-07-20,Brazil,550234744063
396893,Jean-Hubert,RABERGEAU,M,1975-05-29,Brazil,555091372146
5710465,Rodolphe,SOURICE,M,1979-06-25,Germany,490258983885
6562376,Patrice,GOUFFIER,M,1988-08-29,Brazil,559240264973
6567131,Frédéric,TARDIF,F,1980-03-20,Spain,34706536419
5357161,Pierre-André,HERIN,M,1989-04-11,China,861072020796
834814,Gwladys,GUITET,F,1977-09-19,Chile,56796211601
9006608,Mariette,ROULLEAU,F,1988-08-22,Austria,437252148198
8256538,Fabiola,MILON,F,1976-08-21,Canada,11756582486
1731007,Françoise,GASTE,F,1983-03-03,Tunisia,21672420380
9933750,Emeric,BAUDON,M,1978-09-05,United Kingdom,441773926936
7409190,Rebecca,LAUNAY,F,1973-03-10,Norway,4785273948
5629544,Erwann,COHU,M,1978-01-15,Netherlands,31279955146
111049,Samir,MECHINEAU,M,1981-10-12,India,914442544587
9742431,Marie-Agnes,REMOUE,F,1979-03-09,United States of America,15021487765
9617910,Eugene,FORTIER,M,1988-04-02,Argentina,546012950993
461690,Josselyne,CHASSERIAU,F,1975-11-22,China,867028362853
8978967,Veronique,CLAVREUIL,F,1978-05-09,Iran,987998206448
7328809,Laurence,ROUILLE,F,1987-10-24,Greece,302217496637
8262637,Stanislas,ALLARD,M,1981-02-27,Turkey,903104241172
7993960,Gilles,LAIZE,M,1986-11-04,Mexico,523430938278
6012551,Gislaine,CAILLET,F,1971-01-23,Nigeria,2341224024736
9501240,Clotaire,GUIMBRETIERE,M,1981-09-24,Brazil,557511681424
3330712,Kamel,LEROYER,M,1985-12-29,Austria,433007038525
2287146,Ernestine,PERROCHON,F,1973-05-13,Mexico,529415016233
3281393,Théophile,SACHOT,M,1983-02-04,Morocco,212660984308
3413810,Renée,LELOUP,M,1975-10-07,Greece,301495371803
5071489,Manon,ALGOURDIN,F,1970-11-21,Argentina,541954237492
4747962,Ricardo,POMMIER,M,1981-12-29,Greece,309873326862
8155093,Firmin,SECHET,M,1976-09-07,Japan,814931928343
573749,Damien,PLESSIS,M,1987-12-13,France,33163771714
1295543,Amélie,SICOT,F,1977-05-31,Nigeria,2347736782460
9237737,Jean-Bernard,LEDROIT,M,1983-12-05,Spain,34866284610
2499096,Sophie,TAUDON,M,1975-04-06,United Kingdom,449461120670
5244983,Elisabeth,JOURDAN,F,1974-02-04,Greece,301378422609
4666404,Lauriane,POMMIER,F,1973-03-07,Lebanon,96162756806
3274065,Marie-Henriette,BONNEAU,F,1971-03-12,Tunisia,21634747655
5910667,Ophélie,POIRON,F,1971-09-16,Russia,76305870331
9430344,Ruben,CHEVET,M,1987-07-31,Russia,70772336217
1175385,France,GUEGUEN,F,1976-07-12,Netherlands,31108280666
4514655,Bertille,AUDEBERT,F,1983-04-23,Mexico,527303535765
5793746,Josselyne,VEAU,F,1971-07-26,Finland,3588145958826
7412743,Alix,BORDAGE,M,1974-10-10,Japan,810670003079
4211727,Said,GREFFIER,M,1980-01-24,Greece,301845643469
4517303,Céline,ABELLARD,F,1989-03-30,Finland,3582322671143
4322701,Danièle,BRILLET,F,1986-02-20,China,868978340408
4011589,Marilys,BLON,F,1977-08-17,Australia,614731200040
1818747,Dolorès,TOUCHET,F,1989-10-13,Turkey,901738637979
4435089,Dorothée,EUGENE,F,1983-03-07,Turkey,904832576461
9617352,Josse,POILANE,M,1979-05-20,United States of America,16641379179
3226762,Justine,VERGNEAU,F,1986-07-12,Norway,4730884114
7382666,Léonce,BREHERET,F,1970-05-22,Brazil,559595615987
4709137,Rozenn,PASQUET,F,1970-02-28,Sweden,466727150409
5230128,Rose-Hélène,CHAIGNEAU,F,1973-11-30,Norway,4747384100
1533717,Siméon,EVEILLARD,M,1974-12-09,Germany,497004434815
6733782,Clarisse,ROLAND,F,1977-02-17,Australia,611488260313
493701,Bettina,FERTRE,F,1971-09-29,Finland,3585713362873
2526784,Marie-Christiane,TRICOIRE,F,1972-03-27,France,33023699662
6610609,Georgina,MAZE,F,1986-09-01,Greece,301107179984
7005813,Ismaël,MOUILLE,M,1972-12-17,Iran,987751212098
9223879,Miguel,BELIARD,M,1984-02-29,Netherlands,31273838607
1741433,Emmanuel,DERSOIR,M,1978-07-23,Germany,494994689728
737229,Norbert,MENAND,M,1980-05-06,Austria,435578232763
4241957,Olga,GUEFFIER,F,1970-07-09,Lebanon,96187791236
5202841,Michèle,COUDRIN,F,1977-06-13,Turkey,906211468089
5087467,Karelle,POIRRIER,F,1985-04-27,United Kingdom,446728548577
3662553,Emilie,JOUAN,F,1990-10-07,Nigeria,2348531905709
5163182,Stéfan,LOPEZ,M,1988-08-30,Germany,499355583958
8773141,Thibaut,GOISNARD,M,1987-09-09,Brazil,556234422339
8491414,Lilian,BRU,M,1984-06-01,Germany,496558984333
5995191,Ludovic,ROBERT,M,1970-05-26,Tunisia,21642420738
6605808,Any,PLESSIS,F,1985-05-23,Sweden,464938204210
7539591,Jean-Christian,CHARRIER,M,1977-05-23,Morocco,212171362567
7875693,Marie-Odile,PANTAIS,F,1986-04-21,Chile,56678373169
2953602,Vladimir,PAULEAU,M,1982-09-26,Nigeria,2343462154531
40241,Bachir,AUDIGANE,M,1986-01-04,Japan,818018615452
8742400,Véronique,BERSON,M,1977-11-26,India,913728163587
6634630,Abdelkader,GUIMBRETIERE,M,1975-08-10,Australia,619646962995
402856,Johan,POUSSIN,M,1972-02-12,India,915122820999
6673798,Kathy,VIEL,F,1987-12-26,Tunisia,21621375953
6755554,Sylviane,GUERRY,F,1975-02-23,United States of America,16326806216
4634353,Marie-Elise,NAUDIN,F,1976-06-06,Morocco,212319826055
602846,Renée,PRIEUR,M,1971-09-04,Mexico,523922447000
5018494,Marie-Blanche,BELOUARD,F,1982-12-14,Canada,16768603469
6050436,Cristina,RIOBE,F,1974-06-29,Switzerland,410328417351
6157344,Nelson,BESSON,M,1990-11-11,Greece,306898920325
3100780,Toni,DUPUIS,M,1985-11-24,China,868443540081
314483,Maureen,LENOIR,F,1978-10-09,China,865860747021
5641192,Sylvaine,TRICOIRE,F,1982-01-18,India,916247374201
8091557,Jean-Edouard,LANGE,M,1985-09-23,Norway,4744765914
6991796,Khadija,EDOUARD,F,1979-04-15,Morocco,212733713755
4075623,Marceline,CHARTON,F,1981-06-09,Mexico,521109016001
